objectPath,objectName,objectType,id
/Explore/DataCloud/Taskflow,WKF_VND_002_STG_LOCALIDADES,TASKFLOW,aLQEtALTsidj4Pv3I4zd8Q
/Explore/DataCloud,Taskflow,Folder,3ySE9nMQaN4hIxXrlQDFO7
/SYS,usuario,AgentGroup,igFbysn9geNiBxE8w0848m
/Explore/DataCloud,Tasks,Folder,07Ztq8dUVyejUfoY5qVsIM
/Explore/DataCloud,Mappings,Folder,9W1Yv0bFWZula7f6FA4KGT
/Explore,DataCloud,Project,eRM0jy9DikSdxwPqqetxi8
/Explore/DataCloud/Mappings,MAP_VND_002_STG_LOCALIDADES,DTEMPLATE,2YbesIiudX8f7uFist7jaC
/SYS,FlatFile_STAGE,Connection,dQM9QS2sDq0fVWqgUAWood
/Explore/DataCloud/Tasks,s_VND_002_STG_LOCALIDADES,MTT,1FMrFKppdSViniPPAeVe8l