{
  "name" : "WKF_VND_002_STG_LOCALIDADES-1703031163759",
  "sourceOrgId" : "7hoPwPMBvesestS8w6Xg86",
  "sourceOrgName" : "Student",
  "exportedObjects" : [ {
    "objectGuid" : "aLQEtALTsidj4Pv3I4zd8Q",
    "objectName" : "WKF_VND_002_STG_LOCALIDADES",
    "objectType" : "TASKFLOW",
    "path" : "/Explore/DataCloud/Taskflow",
    "metadata" : {
      "modelVersion" : {
        "major" : 1,
        "minor" : 0
      },
      "repoInfo" : {
        "repoHandle" : "6aaaa-gt-19822030-2023-12-11T14:04:14.927Z::tf.xml"
      },
      "objectRefs" : [ "1FMrFKppdSViniPPAeVe8l" ],
      "contextAttributes" : null,
      "additionalInfo" : {
        "description" : "Extração e carga de Cadastro de Localidades\nObs: CARGA DE ARQUIVO PRA ARQUIVO",
        "contentType" : "application/json; charset=utf-8",
        "documentState" : "VALID"
      }
    }
  }, {
    "objectGuid" : "3ySE9nMQaN4hIxXrlQDFO7",
    "objectName" : "Taskflow",
    "objectType" : "Folder",
    "path" : "/Explore/DataCloud",
    "metadata" : {
      "modelVersion" : {
        "major" : 0,
        "minor" : 0
      },
      "repoInfo" : null,
      "objectRefs" : [ ],
      "contextAttributes" : [ ],
      "additionalInfo" : {
        "description" : "",
        "contentType" : "Binary",
        "documentState" : "COMPLETE"
      }
    }
  }, {
    "objectGuid" : "igFbysn9geNiBxE8w0848m",
    "objectName" : "usuario",
    "objectType" : "AgentGroup",
    "path" : "/SYS",
    "metadata" : {
      "modelVersion" : {
        "major" : 0,
        "minor" : 0
      },
      "repoInfo" : {
        "repoHandle" : "01CQY525000000000002"
      },
      "objectRefs" : [ ],
      "contextAttributes" : [ {
        "name" : "id",
        "value" : "@1"
      } ],
      "additionalInfo" : {
        "description" : null,
        "contentType" : "JSON",
        "documentState" : "VALID"
      }
    }
  }, {
    "objectGuid" : "07Ztq8dUVyejUfoY5qVsIM",
    "objectName" : "Tasks",
    "objectType" : "Folder",
    "path" : "/Explore/DataCloud",
    "metadata" : {
      "modelVersion" : {
        "major" : 0,
        "minor" : 0
      },
      "repoInfo" : null,
      "objectRefs" : [ ],
      "contextAttributes" : [ ],
      "additionalInfo" : {
        "description" : "",
        "contentType" : "Binary",
        "documentState" : "COMPLETE"
      }
    }
  }, {
    "objectGuid" : "9W1Yv0bFWZula7f6FA4KGT",
    "objectName" : "Mappings",
    "objectType" : "Folder",
    "path" : "/Explore/DataCloud",
    "metadata" : {
      "modelVersion" : {
        "major" : 0,
        "minor" : 0
      },
      "repoInfo" : null,
      "objectRefs" : [ ],
      "contextAttributes" : [ ],
      "additionalInfo" : {
        "description" : "",
        "contentType" : "Binary",
        "documentState" : "COMPLETE"
      }
    }
  }, {
    "objectGuid" : "eRM0jy9DikSdxwPqqetxi8",
    "objectName" : "DataCloud",
    "objectType" : "Project",
    "path" : "/Explore",
    "metadata" : {
      "modelVersion" : {
        "major" : 0,
        "minor" : 0
      },
      "repoInfo" : null,
      "objectRefs" : [ ],
      "contextAttributes" : [ ],
      "additionalInfo" : {
        "description" : "IICS",
        "contentType" : "Binary",
        "documentState" : "COMPLETE"
      }
    }
  }, {
    "objectGuid" : "2YbesIiudX8f7uFist7jaC",
    "objectName" : "MAP_VND_002_STG_LOCALIDADES",
    "objectType" : "DTEMPLATE",
    "path" : "/Explore/DataCloud/Mappings",
    "metadata" : {
      "modelVersion" : {
        "major" : 0,
        "minor" : 0
      },
      "repoInfo" : {
        "repoHandle" : "01CQY517000000000007"
      },
      "objectRefs" : [ "dQM9QS2sDq0fVWqgUAWood" ],
      "contextAttributes" : [ {
        "name" : "id",
        "value" : "@1"
      } ],
      "additionalInfo" : {
        "description" : "Extração e carga de Cadastro de Localidade\nObs: CARGA DE ARQUIVO PRA ARQUIVO",
        "contentType" : "JSON",
        "documentState" : "VALID"
      }
    }
  }, {
    "objectGuid" : "dQM9QS2sDq0fVWqgUAWood",
    "objectName" : "FlatFile_STAGE",
    "objectType" : "Connection",
    "path" : "/SYS",
    "metadata" : {
      "modelVersion" : {
        "major" : 0,
        "minor" : 0
      },
      "repoInfo" : {
        "repoHandle" : "01CQY50B000000000002"
      },
      "objectRefs" : [ "igFbysn9geNiBxE8w0848m" ],
      "contextAttributes" : [ {
        "name" : "id",
        "value" : "@1"
      } ],
      "additionalInfo" : {
        "description" : "Flat_File",
        "contentType" : "JSON",
        "documentState" : "COMPLETE"
      }
    }
  }, {
    "objectGuid" : "1FMrFKppdSViniPPAeVe8l",
    "objectName" : "s_VND_002_STG_LOCALIDADES",
    "objectType" : "MTT",
    "path" : "/Explore/DataCloud/Tasks",
    "metadata" : {
      "modelVersion" : {
        "major" : 0,
        "minor" : 0
      },
      "repoInfo" : {
        "repoHandle" : "01CQY50Z00000000000D"
      },
      "objectRefs" : [ "dQM9QS2sDq0fVWqgUAWood", "2YbesIiudX8f7uFist7jaC", "igFbysn9geNiBxE8w0848m" ],
      "contextAttributes" : [ {
        "name" : "id",
        "value" : "@1"
      } ],
      "additionalInfo" : {
        "description" : "",
        "contentType" : "JSON",
        "documentState" : "VALID"
      }
    }
  } ]
}