<aetgt:getResponse xmlns:aetgt="http://schemas.active-endpoints.com/appmodules/repository/2010/10/avrepository.xsd"
                   xmlns:types1="http://schemas.active-endpoints.com/appmodules/repository/2010/10/avrepository.xsd">
   <types1:Item>
      <types1:EntryId>6aaaa-gt-19822030-2023-12-11T14:04:14.927Z::tf.xml</types1:EntryId>
      <types1:Name>WKF_VND_002_STG_LOCALIDADES</types1:Name>
      <types1:MimeType>application/xml+taskflow</types1:MimeType>
      <types1:Description>Extração e carga de Cadastro de Localidades
Obs: CARGA DE ARQUIVO PRA ARQUIVO</types1:Description>
      <types1:AppliesTo/>
      <types1:Tags/>
      <types1:VersionLabel>1.0</types1:VersionLabel>
      <types1:State>CURRENT</types1:State>
      <types1:ProcessGroup/>
      <types1:CreatedBy>mailstudyde@protonmail.com</types1:CreatedBy>
      <types1:CreationDate>2023-12-11T14:04:15Z</types1:CreationDate>
      <types1:ModifiedBy>mailstudyde@protonmail.com</types1:ModifiedBy>
      <types1:ModificationDate>2023-12-11T22:04:40Z</types1:ModificationDate>
      <types1:PublicationStatus>published</types1:PublicationStatus>
      <types1:PublishedBy>mailstudyde@protonmail.com</types1:PublishedBy>
      <types1:PublicationDate>2023-12-11T22:04:48Z</types1:PublicationDate>
      <types1:PublishedContributionId>project:/tf.WKF_VND_002_STG_LOCALIDADES/WKF_VND_002_STG_LOCALIDADES.tf.xml</types1:PublishedContributionId>
      <types1:AutosaveExists>false</types1:AutosaveExists>
      <types1:Entry>
         <taskflow xmlns="http://schemas.active-endpoints.com/appmodules/screenflow/2010/10/avosScreenflow.xsd"
                   xmlns:tfm="http://schemas.active-endpoints.com/appmodules/screenflow/2021/04/taskflowModel.xsd"
                   xmlns:list="urn:activevos:spi:list:functions"
                   displayName="WKF_VND_002_STG_LOCALIDADES"
                   name="WKF_VND_002_STG_LOCALIDADES"
                   overrideAPIName="true">
            <parameterSet xmlns="http://schemas.active-endpoints.com/appmodules/screenflow/2021/04/taskflowModel.xsd"/>
            <appliesTo/>
            <description>Extração e carga de Cadastro de Localidades
Obs: CARGA DE ARQUIVO PRA ARQUIVO</description>
            <tags/>
            <generator>Informatica Process Designer 11</generator>
            <tempFields>
               <field description="" name="s_VND_002_STG_LOCALIDADES" type="reference">
                  <options>
                     <option name="failOnNotRun">false</option>
                     <option name="failOnFault">false</option>
                     <option name="referenceTo">$po:s-VND-002-STG-LOCALIDADES</option>
                  </options>
               </field>
            </tempFields>
            <notes/>
            <deployment skipIfRunning="false" suspendOnFault="false" tracingLevel="verbose">
               <rest/>
            </deployment>
            <flow id="a">
               <start id="b">
                  <link id="lpx2owmi" targetId="lpx2own5"/>
               </start>
               <eventContainer id="lpx2own5">
                  <service id="lpx2owmh">
                     <title>s_VND_002_STG_LOCALIDADES</title>
                     <serviceName>ICSExecuteDataTask</serviceName>
                     <serviceGUID/>
                     <serviceInput>
                        <parameter name="Wait for Task to Complete" source="constant" updatable="true">true</parameter>
                        <parameter name="Max Wait" source="constant" updatable="true">604800</parameter>
                        <parameter name="Task Name" source="constant" updatable="true">s_VND_002_STG_LOCALIDADES</parameter>
                        <parameter name="GUID" source="constant" updatable="true">1FMrFKppdSViniPPAeVe8l</parameter>
                        <parameter name="Task Type" source="constant" updatable="true">MCT</parameter>
                        <parameter name="Has Inout Parameters" source="constant" updatable="true">false</parameter>
                        <parameter name="taskField" source="nested">
                           <operation source="field" to="s-VENDAS-002-EXT-LOCALIDADE">temp.s_VND_002_STG_LOCALIDADES</operation>
                        </parameter>
                     </serviceInput>
                     <serviceOutput>
                        <operation source="field" to="temp.s_VND_002_STG_LOCALIDADES/output/Object_Name">Object Name</operation>
                        <operation source="field" to="temp.s_VND_002_STG_LOCALIDADES/output/Run_Id">Run Id</operation>
                        <operation source="field" to="temp.s_VND_002_STG_LOCALIDADES/output/Log_Id">Log Id</operation>
                        <operation source="field" to="temp.s_VND_002_STG_LOCALIDADES/output/Task_Id">Task Id</operation>
                        <operation source="field" to="temp.s_VND_002_STG_LOCALIDADES/output/Task_Status">Task Status</operation>
                        <operation source="field"
                                   to="temp.s_VND_002_STG_LOCALIDADES/output/Success_Source_Rows">Success Source Rows</operation>
                        <operation source="field"
                                   to="temp.s_VND_002_STG_LOCALIDADES/output/Failed_Source_Rows">Failed Source Rows</operation>
                        <operation source="field"
                                   to="temp.s_VND_002_STG_LOCALIDADES/output/Success_Target_Rows">Success Target Rows</operation>
                        <operation source="field"
                                   to="temp.s_VND_002_STG_LOCALIDADES/output/Failed_Target_Rows">Failed Target Rows</operation>
                        <operation source="field" to="temp.s_VND_002_STG_LOCALIDADES/output/Start_Time">Start Time</operation>
                        <operation source="field" to="temp.s_VND_002_STG_LOCALIDADES/output/End_Time">End Time</operation>
                        <operation source="field" to="temp.s_VND_002_STG_LOCALIDADES/output/Error_Message">Error Message</operation>
                        <operation source="field"
                                   to="temp.s_VND_002_STG_LOCALIDADES/output/TotalTransErrors">Total Transformation Errors</operation>
                        <operation source="field"
                                   to="temp.s_VND_002_STG_LOCALIDADES/output/FirstErrorCode">First Error Code</operation>
                     </serviceOutput>
                  </service>
                  <link id="lpx2owmj" targetId="c"/>
                  <events>
                     <catch faultField="temp.s_VND_002_STG_LOCALIDADES/fault"
                            id="lpx2own3"
                            interrupting="true"
                            name="error">
                        <suspend/>
                     </catch>
                     <catch faultField="temp.s_VND_002_STG_LOCALIDADES/fault"
                            id="lpx2own4"
                            interrupting="true"
                            name="warning"/>
                  </events>
               </eventContainer>
               <end id="c"/>
            </flow>
            <dependencies>
               <processObject xmlns="http://schemas.active-endpoints.com/appmodules/screenflow/2011/06/avosHostEnvironment.xsd"
                              displayName="s-VND-002-STG-LOCALIDADES"
                              isByCopy="true"
                              name="s-VND-002-STG-LOCALIDADES">
                  <description/>
                  <tags/>
                  <detail>
                     <field label="TaskProperties Parameters"
                            name="taskProperties"
                            nullable="true"
                            required="false"
                            type="reference"/>
                     <field label="Output Parameters"
                            name="output"
                            nullable="true"
                            required="false"
                            type="reference"/>
                     <field label="Fault"
                            name="fault"
                            nullable="true"
                            required="false"
                            type="reference"/>
                     <field label="Max Wait (Seconds)"
                            name="Max_Wait"
                            nullable="true"
                            required="false"
                            type="int"/>
                  </detail>
               </processObject>
            </dependencies>
         </taskflow>
      </types1:Entry>
      <types1:GUID>aLQEtALTsidj4Pv3I4zd8Q</types1:GUID>
      <types1:DisplayName>WKF_VND_002_STG_LOCALIDADES</types1:DisplayName>
   </types1:Item>
   <types1:CurrentServerDateTime>2023-12-20T00:12:49.492Z</types1:CurrentServerDateTime>
</aetgt:getResponse>
