objectPath,objectName,objectType,id
/Explore/DataCloud/Tasks,s_VND_007_TAB_LOCALIDADES,MTT,e8fbDcnCdw5bMQsiWuxwET
/Explore/DataCloud,Taskflow,Folder,3ySE9nMQaN4hIxXrlQDFO7
/SYS,usuario,AgentGroup,igFbysn9geNiBxE8w0848m
/Explore/DataCloud,Tasks,Folder,07Ztq8dUVyejUfoY5qVsIM
/Explore/DataCloud/Mappings,MAP_VND_007_STG_TAB_LOCALIDADES,DTEMPLATE,cQi3ANiKoYeloPdCfbAZow
/Explore/DataCloud,Mappings,Folder,9W1Yv0bFWZula7f6FA4KGT
/SYS,Oracle_dev,Connection,1tEMWlfOb48lkdOIRyqwCW
/Explore,DataCloud,Project,eRM0jy9DikSdxwPqqetxi8
/SYS,FlatFile_STAGE,Connection,dQM9QS2sDq0fVWqgUAWood
/Explore/DataCloud/Taskflow,WKF_VND_007_TAB_LOCALIDADES,TASKFLOW,eKHPcosZzitbZ1xibTOgQN