{
  "name" : "WKF_VND_007_TAB_LOCALIDADES-1703031362546",
  "sourceOrgId" : "7hoPwPMBvesestS8w6Xg86",
  "sourceOrgName" : "Student",
  "exportedObjects" : [ {
    "objectGuid" : "e8fbDcnCdw5bMQsiWuxwET",
    "objectName" : "s_VND_007_TAB_LOCALIDADES",
    "objectType" : "MTT",
    "path" : "/Explore/DataCloud/Tasks",
    "metadata" : {
      "modelVersion" : {
        "major" : 0,
        "minor" : 0
      },
      "repoInfo" : {
        "repoHandle" : "01CQY50Z00000000000J"
      },
      "objectRefs" : [ "cQi3ANiKoYeloPdCfbAZow", "1tEMWlfOb48lkdOIRyqwCW", "dQM9QS2sDq0fVWqgUAWood", "igFbysn9geNiBxE8w0848m" ],
      "contextAttributes" : [ {
        "name" : "id",
        "value" : "@1"
      } ],
      "additionalInfo" : {
        "description" : "",
        "contentType" : "JSON",
        "documentState" : "VALID"
      }
    }
  }, {
    "objectGuid" : "3ySE9nMQaN4hIxXrlQDFO7",
    "objectName" : "Taskflow",
    "objectType" : "Folder",
    "path" : "/Explore/DataCloud",
    "metadata" : {
      "modelVersion" : {
        "major" : 0,
        "minor" : 0
      },
      "repoInfo" : null,
      "objectRefs" : [ ],
      "contextAttributes" : [ ],
      "additionalInfo" : {
        "description" : "",
        "contentType" : "Binary",
        "documentState" : "COMPLETE"
      }
    }
  }, {
    "objectGuid" : "igFbysn9geNiBxE8w0848m",
    "objectName" : "usuario",
    "objectType" : "AgentGroup",
    "path" : "/SYS",
    "metadata" : {
      "modelVersion" : {
        "major" : 0,
        "minor" : 0
      },
      "repoInfo" : {
        "repoHandle" : "01CQY525000000000002"
      },
      "objectRefs" : [ ],
      "contextAttributes" : [ {
        "name" : "id",
        "value" : "@1"
      } ],
      "additionalInfo" : {
        "description" : null,
        "contentType" : "JSON",
        "documentState" : "VALID"
      }
    }
  }, {
    "objectGuid" : "07Ztq8dUVyejUfoY5qVsIM",
    "objectName" : "Tasks",
    "objectType" : "Folder",
    "path" : "/Explore/DataCloud",
    "metadata" : {
      "modelVersion" : {
        "major" : 0,
        "minor" : 0
      },
      "repoInfo" : null,
      "objectRefs" : [ ],
      "contextAttributes" : [ ],
      "additionalInfo" : {
        "description" : "",
        "contentType" : "Binary",
        "documentState" : "COMPLETE"
      }
    }
  }, {
    "objectGuid" : "cQi3ANiKoYeloPdCfbAZow",
    "objectName" : "MAP_VND_007_STG_TAB_LOCALIDADES",
    "objectType" : "DTEMPLATE",
    "path" : "/Explore/DataCloud/Mappings",
    "metadata" : {
      "modelVersion" : {
        "major" : 0,
        "minor" : 0
      },
      "repoInfo" : {
        "repoHandle" : "01CQY51700000000000I"
      },
      "objectRefs" : [ "1tEMWlfOb48lkdOIRyqwCW", "dQM9QS2sDq0fVWqgUAWood" ],
      "contextAttributes" : [ {
        "name" : "id",
        "value" : "@1"
      } ],
      "additionalInfo" : {
        "description" : "Extração e carga de Cadastro de Localidade\nObs:  CARGA DE ARQUIVO PRA TABELA",
        "contentType" : "JSON",
        "documentState" : "VALID"
      }
    }
  }, {
    "objectGuid" : "9W1Yv0bFWZula7f6FA4KGT",
    "objectName" : "Mappings",
    "objectType" : "Folder",
    "path" : "/Explore/DataCloud",
    "metadata" : {
      "modelVersion" : {
        "major" : 0,
        "minor" : 0
      },
      "repoInfo" : null,
      "objectRefs" : [ ],
      "contextAttributes" : [ ],
      "additionalInfo" : {
        "description" : "",
        "contentType" : "Binary",
        "documentState" : "COMPLETE"
      }
    }
  }, {
    "objectGuid" : "1tEMWlfOb48lkdOIRyqwCW",
    "objectName" : "Oracle_dev",
    "objectType" : "Connection",
    "path" : "/SYS",
    "metadata" : {
      "modelVersion" : {
        "major" : 0,
        "minor" : 0
      },
      "repoInfo" : {
        "repoHandle" : "01CQY50B000000000003"
      },
      "objectRefs" : [ "igFbysn9geNiBxE8w0848m" ],
      "contextAttributes" : [ {
        "name" : "id",
        "value" : "@1"
      } ],
      "additionalInfo" : {
        "description" : "Oracle_dev",
        "contentType" : "JSON",
        "documentState" : "COMPLETE"
      }
    }
  }, {
    "objectGuid" : "eRM0jy9DikSdxwPqqetxi8",
    "objectName" : "DataCloud",
    "objectType" : "Project",
    "path" : "/Explore",
    "metadata" : {
      "modelVersion" : {
        "major" : 0,
        "minor" : 0
      },
      "repoInfo" : null,
      "objectRefs" : [ ],
      "contextAttributes" : [ ],
      "additionalInfo" : {
        "description" : "IICS",
        "contentType" : "Binary",
        "documentState" : "COMPLETE"
      }
    }
  }, {
    "objectGuid" : "dQM9QS2sDq0fVWqgUAWood",
    "objectName" : "FlatFile_STAGE",
    "objectType" : "Connection",
    "path" : "/SYS",
    "metadata" : {
      "modelVersion" : {
        "major" : 0,
        "minor" : 0
      },
      "repoInfo" : {
        "repoHandle" : "01CQY50B000000000002"
      },
      "objectRefs" : [ "igFbysn9geNiBxE8w0848m" ],
      "contextAttributes" : [ {
        "name" : "id",
        "value" : "@1"
      } ],
      "additionalInfo" : {
        "description" : "Flat_File",
        "contentType" : "JSON",
        "documentState" : "COMPLETE"
      }
    }
  }, {
    "objectGuid" : "eKHPcosZzitbZ1xibTOgQN",
    "objectName" : "WKF_VND_007_TAB_LOCALIDADES",
    "objectType" : "TASKFLOW",
    "path" : "/Explore/DataCloud/Taskflow",
    "metadata" : {
      "modelVersion" : {
        "major" : 1,
        "minor" : 0
      },
      "repoInfo" : {
        "repoHandle" : "lTgaaaa-gt-20176634-2023-12-11T20:01:13.193Z::tf.xml"
      },
      "objectRefs" : [ "e8fbDcnCdw5bMQsiWuxwET" ],
      "contextAttributes" : null,
      "additionalInfo" : {
        "description" : "Extração e carga de Cadastro de Localidades\nObs: CARGA DE ARQUIVO PRA TABELA",
        "contentType" : "application/json; charset=utf-8",
        "documentState" : "VALID"
      }
    }
  } ]
}